reactions,genes,size,fva_min,fva_max,target_flux,biomass_flux,yield,fitness
"('ATPS4r',)","(('b3738',), ('b3733',), ('b3734',), ('b3736',), ('b3731',), ('b3737',), ('b3735',))",1,0.0,14.369144573370848,13.977948987057633,0.3742298749331094,1.3977948987057633,0.523096785427
"('GND', 'SUCDi')","(('b2029', 'b0721'), ('b2029', 'b0722'), ('b2029', 'b0723'))",2,9.083537390134804,10.715737390134377,10.621956959731737,0.6170374076565655,1.0621956959731738,0.6554140481408999
"('SUCDi', 'G6PDH2r')","(('b1852', 'b0722'),)",2,9.083537390134804,10.715737390134377,10.621956959731737,0.6170374076565655,1.0621956959731738,0.6554140481408999
"('SUCDi', 'PGL')","(('b0767', 'b0722'), ('b0767', 'b0723'), ('b0767', 'b0724'), ('b0767', 'b0721'))",2,9.083537390134804,10.715737390134377,10.621956959731737,0.6170374076565655,1.0621956959731738,0.6554140481408999
"('AKGDH', 'PGL', 'SUCDi')","(('b0767', 'b0726', 'b0724'),)",3,9.627604056801975,10.715737390134317,10.621956959731822,0.6170374076565696,1.0621956959731822,0.6554140481408999
